1.400500000000000078e+01,5.999250856481428855e+03
1.401900000000000013e+01,2.880016386554620778e-03
1.502599999999999980e+01,8.003061764705880765e-03
1.599699999999999989e+01,8.342430168067227925e+00
1.602899999999999991e+01,4.986870453781511864e-02
1.702899999999999991e+01,1.306717890756302347e-01
1.803699999999999903e+01,4.257553193277310299e+00
1.903900000000000148e+01,3.953316554621848127e+02
1.928099999999999881e+01,1.209072184873949709e+03
1.929299999999999926e+01,4.379283025210083338e+02
2.002400000000000091e+01,1.020158050420168252e+03
2.102400000000000091e+01,3.076689411764705895e+01
2.601500000000000057e+01,9.653713193277312143e+01
2.702199999999999847e+01,7.522827058823530200e-01
2.800400000000000134e+01,4.710308655462185357e+00
2.801699999999999946e+01,3.263937394957983518e+00
2.901200000000000045e+01,1.795424932773109816e+01
2.999599999999999866e+01,3.214878739495798641e+02
3.099299999999999855e+01,5.411407983193278142e+02
3.101500000000000057e+01,6.374736974789914967e+00
3.198699999999999832e+01,1.759915336134453412e+02
3.303000000000000114e+01,8.162545966386553573e+02
3.399000000000000199e+01,2.378548193277310929e+02
3.403199999999999648e+01,3.070724453781512597e+00
3.499300000000000210e+01,2.879385647058823938e+00
3.503499999999999659e+01,1.508404568907563137e-01
3.601800000000000068e+01,4.638300016806722881e-01
3.604099999999999682e+01,3.622663243697479135e-02
3.702799999999999869e+01,4.407282504201679579e-02
3.803399999999999892e+01,4.078012268907563111e+02
3.902499999999999858e+01,5.178057899159662636e-01
4.002799999999999869e+01,1.844588899159664308e+01
4.103999999999999915e+01,5.867273361344536031e-01
4.203499999999999659e+01,2.504344789915965919e+01
4.302000000000000313e+01,4.458700084033612399e+01
4.401500000000000057e+01,1.423175478991596208e+02
4.404999999999999716e+01,5.537355042016805129e+01
4.499900000000000233e+01,1.747914966386554525e+01
4.503499999999999659e+01,9.657733529411768103e+00
4.599300000000000210e+01,2.591167806722688738e+02
4.603000000000000114e+01,5.939586050420167851e+01
4.606600000000000250e+01,7.824266974789917128e+01
4.701400000000000290e+01,2.679690084033614195e+00
4.704999999999999716e+01,7.190622268907563353e+01
4.801599999999999824e+01,3.157156470588235120e+00
4.805299999999999727e+01,1.251766983193277172e+00
4.898499999999999943e+01,1.429482563025209763e-01
4.901299999999999812e+01,7.844983445378151954e-01
4.905100000000000193e+01,2.128429075630251965e+00
5.000200000000000244e+01,8.722918571428572854e-02
5.100500000000000256e+01,7.337899596638657040e-02
5.104399999999999693e+01,6.322786050420168280e-01
5.199600000000000222e+01,3.144470924369747733e-01
5.200600000000000023e+01,2.305574201680672619e+00
5.300200000000000244e+01,7.220200840336135073e-01
5.303999999999999915e+01,3.312546134453780988e-01
5.399300000000000210e+01,2.285943193277310659e+00
5.403499999999999659e+01,9.619227647058823383e-01
5.502000000000000313e+01,1.477621714285713983e+00
5.503999999999999915e+01,3.709290924369747611e+00
5.505400000000000205e+01,2.967264369747898201e+00
5.593500000000000227e+01,6.933696554621848307e+00
5.605299999999999727e+01,1.235512294117646903e-01
5.703499999999999659e+01,2.220167310924370252e+00
5.707099999999999795e+01,2.247918344537815472e+01
5.793599999999999994e+01,6.545319075630249728e+00
5.803099999999999881e+01,6.512919495798320801e-02
5.806700000000000017e+01,6.382197310924370370e+00
5.904999999999999716e+01,4.341937478991595434e+00
6.004599999999999937e+01,4.579425882352941102e+01
6.008100000000000307e+01,2.321559831932773079e+02
6.103000000000000114e+01,1.747026672268907888e+01
6.197999999999999687e+01,8.334204705882352471e+01
6.203199999999999648e+01,2.874202420168067151e-01
6.296399999999999864e+01,2.616482857142856222e+00
6.302600000000000335e+01,1.791930176470588165e+00
6.397299999999999898e+01,1.721484033613445597e+00
6.400000000000000000e+01,1.774411100840336264e-01
6.403100000000000591e+01,4.080767226890756327e-01
6.496099999999999852e+01,1.026210403361344503e-01
6.499800000000000466e+01,5.352497478991596891e-01
6.502599999999999625e+01,2.378968823529411525e-01
6.505899999999999750e+01,4.104355126050420188e-01
6.596399999999999864e+01,1.058167462184873842e-01
6.600300000000000011e+01,1.858625285714285771e-02
6.601600000000000534e+01,2.318041596638655694e-02
6.603700000000000614e+01,2.520343621848740098e-02
6.649899999999999523e+01,7.102007478991598233e-02
6.697400000000000375e+01,5.602326638655463070e-03
6.705500000000000682e+01,6.940621689075630873e-02
6.805100000000000193e+01,3.536005042016806765e+00
6.899800000000000466e+01,4.392145378151259827e+00
6.903499999999999659e+01,1.665259058823529426e+00
6.906900000000000261e+01,9.704286050420169119e+00
7.003400000000000603e+01,3.316028991596638331e+00
7.006600000000000250e+01,2.011688151260504043e+00
7.105100000000000193e+01,1.430766907563025603e+00
7.204699999999999704e+01,1.765797848739496345e+01
7.208100000000000307e+01,8.440737983193276506e+00
7.293899999999999295e+01,7.665066386554620914e-01
7.303100000000000591e+01,1.903508991596638555e-01
7.306499999999999773e+01,1.178825142857143149e+01
7.406199999999999761e+01,9.019300420168065102e+00
7.409699999999999420e+01,6.924382689075629926e+00
7.503700000000000614e+01,4.734386302521008671e-01
7.594700000000000273e+01,1.243046277310924452e+01
7.599899999999999523e+01,1.210663672268907781e-01
7.603600000000000136e+01,3.153687478991596405e-01
7.701300000000000523e+01,8.032154537815122675e-01
7.794299999999999784e+01,7.117825546218486954e-01
7.801000000000000512e+01,5.173120168067227298e-02
7.804399999999999693e+01,3.545414512605041257e-01
7.900000000000000000e+01,1.788971697478991540e-01
7.902100000000000080e+01,3.909030840336134460e+00
7.905299999999999727e+01,2.397124621848739867e+00
8.004999999999999716e+01,1.962917731092437279e+00
8.098399999999999466e+01,2.171980336134454070e+00
8.103799999999999670e+01,1.670999773109243636e+00
8.106900000000000261e+01,3.410590672268906776e+00
8.206600000000000250e+01,2.377130924369748044e+00
8.294700000000000273e+01,3.534040924369747483e+00
8.305200000000000671e+01,3.870087630252101007e+00
8.404800000000000182e+01,2.180684193277310712e+01
8.494400000000000261e+01,1.014780436974790057e+01
8.503100000000000591e+01,2.768876260504201881e+00
8.606199999999999761e+01,5.242374453781514632e+01
8.694100000000000250e+01,1.075763974789915522e+01
8.704699999999999704e+01,4.791550957983193304e-01
8.794700000000000273e+01,2.262012705882352392e+01
8.804999999999999716e+01,6.943183781512606012e-02
8.807299999999999329e+01,2.429297899159663210e+00
8.895399999999999352e+01,1.628663134453781636e+00
8.906100000000000705e+01,1.490557100840335936e-01
8.994299999999999784e+01,3.442184033613445049e+00
9.002299999999999613e+01,2.358684789915966307e-01
9.006000000000000227e+01,3.580306974789916330e-01
9.095000000000000284e+01,3.371992941176470415e-01
9.099599999999999511e+01,9.102780168067226008e-01
9.105599999999999739e+01,1.110275478991596732e+00
9.194700000000000273e+01,1.290367100840336123e+00
9.204399999999999693e+01,6.679714117647057858e-02
9.205299999999999727e+01,3.303609243697478992e-01
9.294299999999999784e+01,1.353701924369747622e-01
9.303700000000000614e+01,6.646527142857142634e-01
9.395699999999999363e+01,3.957071764705882178e+00
9.401399999999999579e+01,3.968153109243697241e-01
9.404099999999999682e+01,1.717365915966386547e+00
9.493899999999999295e+01,1.054180394957983324e+00
9.501999999999999602e+01,5.867087983193276512e-01
9.504900000000000659e+01,3.974219243697478809e+00
9.508299999999999841e+01,4.917438739495797684e+00
9.594799999999999329e+01,2.205260084033613843e+00
9.604699999999999704e+01,3.726242268907562494e-01
9.703300000000000125e+01,6.674964285714286127e+00
9.794599999999999795e+01,4.240968487394958686e+01
9.803000000000000114e+01,5.481777815126051001e-01
9.901600000000000534e+01,1.303544773109243771e+01
9.904500000000000171e+01,1.220606016806722671e+01
1.000450000000000017e+02,2.057802966386554644e+01
1.010619999999999976e+02,9.556456050420170101e+00
1.019440000000000026e+02,8.968067647058822089e+00
1.020699999999999932e+02,9.976997310924366758e-02
1.020889999999999986e+02,1.937625436974789617e+00
1.029470000000000027e+02,8.559483445378153199e-01
1.030769999999999982e+02,2.254463445378151187e-01
1.039519999999999982e+02,2.418216638655462436e+00
1.040589999999999975e+02,7.452294369747899938e-02
1.050390000000000015e+02,3.994844117647058934e-01
1.050630000000000024e+02,1.064356605042016790e+00
1.059380000000000024e+02,3.446849999999999636e-01
1.060370000000000061e+02,3.250385042016806780e-01
1.069170000000000016e+02,4.830727647058823959e-01
1.070540000000000020e+02,4.406034117647059656e-01
1.079530000000000030e+02,3.507007815126049977e+00
1.080499999999999972e+02,6.441863193277311828e-01
1.089159999999999968e+02,1.608779529411764608e+00
1.089609999999999985e+02,4.147420588235294359e-01
1.090370000000000061e+02,9.472993529411762870e-01
1.091009999999999991e+02,7.052263025210084635e+00
1.099590000000000032e+02,1.868354815126050505e+00
1.100630000000000024e+02,1.938410235294117656e-01
1.110490000000000066e+02,3.980617142857142632e+00
1.120460000000000065e+02,2.647956319327730412e+01
1.130340000000000060e+02,1.141970882352941175e+01
1.130580000000000069e+02,5.449965378151260254e+00
1.140210000000000008e+02,5.865134537815124283e+00
1.140580000000000069e+02,1.300828957983193535e+00
1.140930000000000035e+02,2.079812857142857130e+00
1.150060000000000002e+02,6.244027731092436362e-01
1.160130000000000052e+02,4.028808655462185584e+00
1.160379999999999967e+02,2.994144201680671857e-01
1.160480000000000018e+02,2.285303949579832183e-01
1.161029999999999944e+02,3.344203949579831470e-01
1.169110000000000014e+02,2.233811596638655417e-01
1.170180000000000007e+02,1.576192521008402680e-01
1.170630000000000024e+02,1.109928764705882642e+00
1.170840000000000032e+02,3.626514453781512493e-01
1.179539999999999935e+02,2.445882100840336415e-01
1.180679999999999978e+02,1.390085058823529451e-01
1.189099999999999966e+02,7.204153781512605548e-01
1.189959999999999951e+02,3.049772857142856730e-01
1.190799999999999983e+02,2.028980504201680635e+00
1.199530000000000030e+02,6.710219075630253771e-01
1.200480000000000018e+02,3.909287899159663571e-01
1.209080000000000013e+02,1.134810495798319385e+00
1.210070000000000050e+02,2.675838907563025670e-01
1.210699999999999932e+02,1.350365487394957986e+00
1.219530000000000030e+02,1.457245403361344671e+00
1.220619999999999976e+02,4.048227899159663190e-01
1.229489999999999981e+02,1.133384394957983377e+00
1.230520000000000067e+02,5.217339159663866077e+00
1.239560000000000031e+02,5.657169495798318515e+00
1.240520000000000067e+02,4.484801176470588069e-01
1.249470000000000027e+02,2.323091428571428363e+00
1.250390000000000015e+02,5.415567310924370936e+00
1.259659999999999940e+02,8.120827731092436608e+00
1.260589999999999975e+02,7.814519411764705437e-01
1.269009999999999962e+02,5.440032605042016023e+00
1.270499999999999972e+02,1.226003117647058716e+00
1.279729999999999990e+02,4.650172016806723541e+00
1.280399999999999920e+02,2.278389075630251892e-01
1.280660000000000025e+02,5.753970672268907682e-01
1.288969999999999914e+02,6.842774201680672519e-01
1.290600000000000023e+02,1.277933243697479071e+00
1.299130000000000109e+02,2.347638924369747304e+00
1.300109999999999957e+02,7.957426302521007633e-02
1.300490000000000066e+02,3.152688571428571840e-01
1.300569999999999879e+02,1.899793529411764881e-01
1.308940000000000055e+02,2.510713277310924196e-01
1.310010000000000048e+02,3.168215260504201880e-01
1.311030000000000086e+02,1.388845268907563213e+00
1.320020000000000095e+02,3.725960672268907592e-01
1.330159999999999911e+02,4.703657899159663369e-01
1.330670000000000073e+02,9.238540840336135762e-01
1.340639999999999930e+02,5.016151428571429260e-01
1.349559999999999889e+02,6.044996974789915711e-01
1.350589999999999975e+02,8.197942184873949767e-01
1.350759999999999934e+02,1.964210109243697211e+00
1.360780000000000030e+02,9.685301092436976456e-01
1.369619999999999891e+02,1.469227184873949543e+00
1.370720000000000027e+02,1.691168697478991900e+00
1.371299999999999955e+02,2.254842689075630346e+00
1.379710000000000036e+02,4.343060000000000254e-01
1.380610000000000070e+02,7.577101680672270190e-01
1.389639999999999986e+02,3.440507226890757053e+00
1.390529999999999973e+02,1.349104823529411634e+00
1.390699999999999932e+02,1.549435344537815284e+00
1.400540000000000020e+02,1.413027991596638611e+00
1.409480000000000075e+02,2.126227815126050302e+00
1.410730000000000075e+02,3.003239411764706546e-01
1.410889999999999986e+02,1.665749689075630480e+00
1.420589999999999975e+02,8.913648655462184101e-01
1.430749999999999886e+02,7.944368991596639784e-01
1.430920000000000130e+02,8.449914117647058243e-01
1.431049999999999898e+02,1.548543319327731205e-01
1.439379999999999882e+02,3.029610504201680210e-01
1.440329999999999870e+02,7.867900756302521892e-02
1.440709999999999980e+02,2.359829579831932977e-01
1.440829999999999984e+02,1.000633495798319283e-01
1.450240000000000009e+02,1.081989831932772955e-01
1.450360000000000014e+02,8.649381428571427666e-01
1.450509999999999877e+02,1.550632806722688772e-01
1.451239999999999952e+02,3.709948907563025422e-01
1.460639999999999930e+02,1.710275512605041737e-01
1.470430000000000064e+02,1.108193773109243940e+00
1.470529999999999973e+02,6.978591848739494896e-01
1.480480000000000018e+02,5.086042605042017106e-01
1.490449999999999875e+02,9.162069327731092727e-01
1.500469999999999970e+02,1.793318823529411521e+00
1.500600000000000023e+02,3.387176050420168671e-01
1.509670000000000130e+02,3.233226806722689362e-01
1.510709999999999980e+02,7.516869999999997720e-01
1.519749999999999943e+02,1.331615260504201981e+00
1.520620000000000118e+02,3.399825126050420865e-01
1.520740000000000123e+02,7.957359159663864867e-01
1.529619999999999891e+02,6.296002689075629322e-01
1.530829999999999984e+02,4.553878403361343863e-01
1.530939999999999941e+02,1.071299336134453828e+00
1.539259999999999877e+02,7.176820672268906520e-01
1.540709999999999980e+02,1.235222647058823453e-01
1.549559999999999889e+02,7.907021596638654781e-01
1.550800000000000125e+02,1.767636546218487592e-01
1.559230000000000018e+02,1.152413529411764559e+00
1.560579999999999927e+02,4.426008151260504841e-02
1.560780000000000030e+02,2.417625714285714378e-01
1.570339999999999918e+02,1.796481882352941595e-01
1.570989999999999895e+02,4.304354117647058997e-01
1.571100000000000136e+02,2.203123445378150635e-01
1.578439999999999941e+02,2.259217831932772980e-01
1.580480000000000018e+02,2.922735378151259875e-02
1.580670000000000073e+02,1.398278932773109329e-01
1.581519999999999868e+02,9.425693529411761917e-02
1.589199999999999875e+02,7.570610756302520450e-02
1.589939999999999998e+02,2.729190344537815172e-01
1.590469999999999970e+02,2.127871596638655771e-01
1.590649999999999977e+02,1.950834285714286020e-01
1.591409999999999911e+02,2.004295857142857629e-01
1.598410000000000082e+02,1.384470294117647049e-01
1.600310000000000059e+02,4.792195403361344808e-02
1.600769999999999982e+02,2.760096470588235262e-01
1.601390000000000100e+02,9.190182521008401217e-02
1.609780000000000086e+02,2.645180100840336529e-02
1.610730000000000075e+02,5.674025042016808129e-01
1.618400000000000034e+02,5.632353277310925277e-01
1.619499999999999886e+02,3.359793478991596194e-02
1.620639999999999930e+02,2.206527596638655220e-01
1.629660000000000082e+02,3.849923529411764522e-01
1.630709999999999980e+02,8.989705882352940769e-01
1.631310000000000002e+02,7.903585546218487856e-01
1.639559999999999889e+02,1.960871512605042166e-01
1.639720000000000084e+02,1.246444042016806586e-01
1.640569999999999879e+02,1.378483714285714257e-01
1.640680000000000121e+02,1.685269806722689001e-01
1.649590000000000032e+02,1.511256983193277614e-01
1.650800000000000125e+02,7.897409075630251740e-01
1.650929999999999893e+02,5.310321008403360299e-01
1.659790000000000134e+02,3.529997478991596660e-01
1.660699999999999932e+02,2.507549974789916591e-01
1.665000000000000000e+02,3.592658403361344566e-01
1.670459999999999923e+02,3.139319193277311480e-03
1.670579999999999927e+02,7.913436386554622004e-01
1.670759999999999934e+02,1.826199243697479435e-01
1.671210000000000093e+02,3.167175546218487514e-01
1.680709999999999980e+02,4.173988739495798628e-01
1.690639999999999930e+02,6.402145546218488414e-01
1.690749999999999886e+02,2.954930672268907821e-01
1.691020000000000039e+02,1.186932168067226928e-01
1.700800000000000125e+02,3.759116890756302731e-01
1.709379999999999882e+02,2.413804453781512316e-01
1.710610000000000070e+02,6.341067310924369815e-01
1.710740000000000123e+02,2.327824117647058488e-01
1.711229999999999905e+02,1.218319361344537832e-01
1.711440000000000055e+02,1.392206344537815221e-01
1.719430000000000121e+02,1.851643470588235363e-01
1.720540000000000020e+02,1.141442504201680697e-01
1.720649999999999977e+02,8.790831344537812508e-02
1.728559999999999945e+02,6.936333445378151108e-02
1.729639999999999986e+02,9.484774033613445343e-02
1.730039999999999907e+02,2.172478084033613033e-01
1.730759999999999934e+02,1.655384378151260327e-01
1.731510000000000105e+02,2.660264957983193845e-01
1.739449999999999932e+02,1.218257756302521116e-01
1.739610000000000127e+02,1.139813302521008459e-01
1.740620000000000118e+02,1.055240352941176352e-01
1.749749999999999943e+02,1.911410957983193382e-01
1.750720000000000027e+02,5.585072605042017413e-01
1.759739999999999895e+02,4.277030420168066449e-01
1.759890000000000043e+02,1.512771848739495884e-01
1.760689999999999884e+02,8.605518487394960003e-02
1.769670000000000130e+02,1.750943394957983068e-01
1.770649999999999977e+02,4.877263193277310283e-01
1.770860000000000127e+02,3.270471176470587937e-01
1.771500000000000057e+02,2.023351739495798662e-01
1.779629999999999939e+02,1.235198428571428614e-01
1.779819999999999993e+02,1.040106941176470595e-01
1.780780000000000030e+02,8.223632436974788462e-02
1.789840000000000089e+02,1.764877773109244097e-01
1.790949999999999989e+02,3.656714453781512719e-01
1.791200000000000045e+02,3.406592016806722079e-01
1.799480000000000075e+02,1.995096302521008058e-01
1.799670000000000130e+02,6.549032436974790150e-02
1.800560000000000116e+02,6.879605126050419850e-02
1.800730000000000075e+02,8.274495126050419869e-02
1.800989999999999895e+02,3.332894453781512500e-02
1.809480000000000075e+02,7.407041260504200475e-02
1.811250000000000000e+02,2.380637310924369754e-01
1.819490000000000123e+02,5.467676470588235249e-01
1.820850000000000080e+02,1.020862798319327885e-01
1.829439999999999884e+02,1.741790268907562889e-01
1.839480000000000075e+02,1.835622268907562971e-01
1.840889999999999986e+02,6.842384033613446714e-02
1.849420000000000073e+02,1.165170890756302563e-01
1.851659999999999968e+02,2.223796907563025116e-01
1.859490000000000123e+02,2.891037983193276983e-01
1.860749999999999886e+02,1.094163789915966467e-01
1.869459999999999980e+02,1.558227949579832350e-01
1.870310000000000059e+02,1.710949386554622142e-01
1.870629999999999882e+02,1.387027327731093218e-01
1.870850000000000080e+02,8.673074873949578045e-02
1.871599999999999966e+02,1.182862310924369664e-01
1.879689999999999941e+02,9.438394621848740507e-02
1.879840000000000089e+02,8.363617899159665747e-02
1.880709999999999980e+02,6.027219747899159596e-02
1.889739999999999895e+02,9.874076302521012094e-02
1.889869999999999948e+02,2.284022352941176559e-01
1.890010000000000048e+02,3.760402605042016677e-02
1.890840000000000032e+02,1.164926042016806856e-01
1.899859999999999900e+02,2.433851344537815153e-01
1.900010000000000048e+02,1.291104193277310963e-01
1.900689999999999884e+02,4.934195974789915007e-02
1.909749999999999943e+02,9.315857731092434812e-02
1.910769999999999982e+02,3.683890924369747077e-01
1.911040000000000134e+02,1.937996470588234932e-01
1.919879999999999995e+02,1.531224445378151500e-01
1.920250000000000057e+02,1.114000310924369436e-01
1.920709999999999980e+02,4.171962436974790273e-02
1.930689999999999884e+02,7.535472521008403091e-02
1.930860000000000127e+02,2.004588151260503770e-01
1.931080000000000041e+02,6.645733529411765317e-02
1.931229999999999905e+02,5.229140504201681972e-02
1.940869999999999891e+02,1.490095000000000447e-01
1.941550000000000011e+02,8.174996386554624073e-02
1.951210000000000093e+02,3.757618907563023414e-02
1.951390000000000100e+02,2.193089663865546712e-01
1.961239999999999952e+02,1.457506882352940791e-01
1.961450000000000102e+02,6.941062352941176905e-02
1.969480000000000075e+02,4.254742252100839756e-02
1.971189999999999998e+02,1.247282361344538015e-01
1.971539999999999964e+02,2.117816470588234912e-01
1.979730000000000132e+02,1.907791739495798278e-01
1.981339999999999861e+02,1.001365126050420135e-01
1.981659999999999968e+02,6.061572352941176772e-02
1.981870000000000118e+02,1.931613168067226882e-02
1.989379999999999882e+02,2.722628663865546070e-02
1.989509999999999934e+02,7.484533193277310981e-02
1.991740000000000066e+02,8.435633109243695360e-02
1.999770000000000039e+02,2.578282941176470167e-01
2.000869999999999891e+02,6.765261260504201735e-02
2.001949999999999932e+02,6.225460084033614117e-02
2.009720000000000084e+02,4.193090336134453616e-02
2.010949999999999989e+02,2.273286470588235242e-01
2.011860000000000070e+02,1.647793226890756357e-01
2.019929999999999950e+02,8.054934537815125473e-02
2.020740000000000123e+02,8.261961176470589141e-02
2.028669999999999902e+02,5.629808739495797965e-02
2.029799999999999898e+02,1.621524268907563182e-01
2.030900000000000034e+02,2.135289630252100446e-01
2.031109999999999900e+02,9.722230084033613162e-02
2.039530000000000030e+02,6.701373025210084766e-02
2.049579999999999984e+02,1.904539663865546073e+00
2.051109999999999900e+02,3.122937058823530010e-01
2.058350000000000080e+02,1.822661369747899385e-01
2.059720000000000084e+02,9.098766470588234845e-02
2.060970000000000084e+02,1.346728983193277163e-01
2.061109999999999900e+02,3.501994915966386013e-02
2.071399999999999864e+02,2.087166000000000021e-02
2.078329999999999984e+02,1.746288941176470932e-01
2.081250000000000000e+02,8.195709159663865095e-02
2.089559999999999889e+02,5.283185210084033467e-02
2.091380000000000052e+02,1.503841521008403292e-01
2.091560000000000059e+02,1.476183823529411410e-01
2.100989999999999895e+02,1.026176756302521059e-01
2.101189999999999998e+02,3.528283697478991343e-02
2.101759999999999877e+02,1.956954042016805992e-02
2.110329999999999870e+02,2.365079546218487247e-02
2.111229999999999905e+02,1.135488117647058676e-01
2.111469999999999914e+02,9.238176890756302773e-02
2.111750000000000114e+02,5.313146890756302587e-02
2.112079999999999984e+02,5.813629327731091589e-02
2.120399999999999920e+02,7.597606722689075054e-02
2.121140000000000043e+02,4.000951680672268362e-02
2.130300000000000011e+02,4.226076806722688789e-02
2.131579999999999870e+02,1.373953596638655406e-01
2.131810000000000116e+02,1.205004512605042238e-01
2.131959999999999980e+02,3.766427067226890690e-02
2.132139999999999986e+02,2.850684462184873563e-02
2.140989999999999895e+02,7.611233109243699391e-02
2.149060000000000059e+02,5.196326890756302469e-02
2.149929999999999950e+02,7.819648319327730801e-02
2.151059999999999945e+02,9.410553949579832100e-02
2.151930000000000121e+02,9.697551596638653848e-02
2.159000000000000057e+02,6.145434705882352883e-02
2.159910000000000139e+02,3.845350983193277644e-02
2.168909999999999911e+02,4.663060336134453032e-02
2.170000000000000000e+02,9.688511596638657575e-02
2.170929999999999893e+02,9.569509915966389890e-02
2.171210000000000093e+02,4.897517815126050528e-02
2.171359999999999957e+02,1.483822260504201289e-02
2.178919999999999959e+02,3.524637226890755398e-02
2.179939999999999998e+02,4.221372361344537943e-02
2.188979999999999961e+02,5.467982268907562587e-02
2.190740000000000123e+02,8.563301176470590470e-02
2.191709999999999923e+02,1.187956563025209938e-01
2.199890000000000043e+02,6.463878571428571806e-02
2.200749999999999886e+02,5.386330504201680691e-02
2.201850000000000023e+02,2.542763588235293776e-02
2.211630000000000109e+02,1.473946634453781636e-02
2.219639999999999986e+02,2.097711092436974623e-01
2.221430000000000007e+02,4.916990588235294751e-02
2.230819999999999936e+02,4.233467058823529167e-02
2.238990000000000009e+02,1.996178235294117365e-01
2.240819999999999936e+02,7.660663697478990730e-02
2.250600000000000023e+02,5.018996638655461723e-02
2.252249999999999943e+02,2.239931848739495912e-01
2.258899999999999864e+02,1.529604941176470612e-01
2.260600000000000023e+02,9.134090588235292685e-02
2.270509999999999877e+02,6.125503949579832325e-02
2.272210000000000036e+02,1.394075613445378004e-01
2.272429999999999950e+02,1.457941268907563259e-01
2.278880000000000052e+02,6.637326638655462185e-02
2.280500000000000114e+02,6.012302773109243215e-02
2.282479999999999905e+02,3.874569260504202167e-02
2.290389999999999873e+02,3.655025798319328639e-02
2.292239999999999895e+02,1.494726949579832098e-01
2.300420000000000016e+02,1.535699025210084390e-01
2.302309999999999945e+02,4.263876554621848919e-02
2.310349999999999966e+02,2.452754647058823581e-02
2.320200000000000102e+02,9.588555966386555496e-02
2.320370000000000061e+02,2.279819344537815581e-02
2.320529999999999973e+02,2.836071361344537529e-03
2.329730000000000132e+02,1.321186268907562772e-02
2.331250000000000000e+02,8.089773445378151129e-02
2.331440000000000055e+02,4.297049327731092272e-02
2.331920000000000073e+02,1.954458907563025316e-02
2.339770000000000039e+02,3.406313512605042143e-02
2.349710000000000036e+02,3.104763033613444981e-02
2.351819999999999879e+02,6.506236134453781406e-02
2.352090000000000032e+02,6.270423949579832790e-02
2.359830000000000041e+02,2.890644134453781294e-02
2.361850000000000023e+02,2.747282268907563080e-02
2.369730000000000132e+02,2.122555529411764355e-02
2.371980000000000075e+02,6.575700000000000989e-02
2.372210000000000036e+02,8.472705126050421309e-02
2.379339999999999975e+02,5.353727142857143267e-02
2.382309999999999945e+02,6.910190756302521387e-02
2.392479999999999905e+02,2.406245067226890286e-02
2.399120000000000061e+02,2.145841260504201209e+00
2.402529999999999859e+02,6.654680680672268867e-02
2.412369999999999948e+02,3.792676302521008624e-01
2.419219999999999970e+02,1.678811193277311153e-01
2.422379999999999995e+02,3.849048579831932521e-02
2.432400000000000091e+02,3.034940630252100369e-02
2.442450000000000045e+02,2.026671344537815389e-01
2.450759999999999934e+02,3.493408655462185153e-02
2.451200000000000045e+02,3.051250588235294645e-02
2.460099999999999909e+02,2.752247462184874080e-02
2.470699999999999932e+02,2.181921154621848519e-02
2.472319999999999993e+02,5.348771512605041828e-02
2.489689999999999941e+02,5.822084789915966951e-02
2.491109999999999900e+02,9.045633193277309581e-02
2.492539999999999907e+02,6.145330084033613638e-02
2.502690000000000055e+02,1.469180747899159756e-01
2.511879999999999882e+02,3.156220806722689204e-02
2.521800000000000068e+02,6.494702016806722100e-02
2.530600000000000023e+02,1.608225647058823468e-02
2.532110000000000127e+02,4.654821596638655801e-02
2.532489999999999952e+02,9.758119411764704099e-02
2.552529999999999859e+02,9.460577899159662574e-02
2.562599999999999909e+02,4.109716470588233861e-01
2.572640000000000100e+02,1.191587831932773012e-01
2.582669999999999959e+02,6.400585546218486854e+00
2.592620000000000005e+02,1.145511672268907821e+00
2.598500000000000227e+02,1.368132411764705902e-01
2.612450000000000045e+02,2.844206957983193632e-02
2.618460000000000036e+02,5.463864369747899186e-02
2.629870000000000232e+02,2.221484620168067553e-02
2.630049999999999955e+02,1.683607495798319226e-02
2.632350000000000136e+02,1.868552428571428059e-02
2.652540000000000191e+02,3.465248067226889966e-02
2.662640000000000100e+02,1.133269092436974684e-01
2.664990000000000236e+02,2.307248294117646495e-02
2.672819999999999823e+02,7.785294815126048802e-04
2.682869999999999777e+02,2.405864789915965751e+00
2.692679999999999723e+02,4.795613193277311614e-01
2.702699999999999818e+02,1.412779008403361458e-01
2.712620000000000005e+02,2.630928739495798016e-02
2.722669999999999959e+02,3.299066722689075193e-01
2.730090000000000146e+02,6.787771008403362116e-02
2.730389999999999873e+02,1.509111815126050297e-02
2.730640000000000214e+02,3.549712495798319507e-03
2.730889999999999986e+02,3.783946159663864866e-03
2.732610000000000241e+02,1.538036361344537889e-02
2.742889999999999873e+02,2.551820882352941883e-02
2.752740000000000009e+02,7.374646554621851202e-02
2.762760000000000105e+02,1.516416495798319053e+00
2.772570000000000050e+02,2.734769579831932695e-01
2.791859999999999786e+02,4.803536386554622256e-02
2.792080000000000268e+02,1.562800516806722717e-02
2.801940000000000168e+02,1.188375197478991514e-02
2.810790000000000077e+02,5.837237756302520071e-03
2.812719999999999914e+02,3.319827647058823383e-02
2.812900000000000205e+02,4.340750420168067170e-02
2.813199999999999932e+02,8.261150882352940802e-03
2.820790000000000077e+02,1.003051262184873754e-02
2.830570000000000164e+02,9.343747302521007714e-03
2.832819999999999823e+02,5.809766974789914995e-02
2.842880000000000109e+02,4.992724705882352065e-01
2.852980000000000018e+02,1.403838478991596417e-01
2.863020000000000209e+02,6.278107983193278230e+00
2.869769999999999754e+02,1.269041226890756269e+00
2.872989999999999782e+02,2.558968142857142788e-02
2.883000000000000114e+02,1.569529831932773012e-01
2.889549999999999841e+02,2.005289512605042818e-02
2.892740000000000009e+02,1.624664883193277509e-02
2.899479999999999791e+02,6.573527058823529223e-02
2.909479999999999791e+02,7.262581689075628746e-03
2.909680000000000177e+02,6.843827647058823432e-03
2.910339999999999918e+02,2.930218462184873765e-03
2.919569999999999936e+02,1.105095431932773264e-02
2.920389999999999873e+02,5.882905344537814850e-03
2.929549999999999841e+02,4.510580168067227814e-03
2.930369999999999777e+02,1.134885633613445279e-02
2.932620000000000005e+02,1.171074494117647392e-02
2.939490000000000123e+02,2.098608823529411749e-02
2.940350000000000250e+02,6.062164966386555075e-03
2.950269999999999868e+02,4.035789050420166869e-03
2.952769999999999868e+02,1.363090447899159563e-02
2.971050000000000182e+02,4.486769411764706533e-02
2.972889999999999873e+02,3.022714285714285867e-02
2.981030000000000086e+02,2.898190378151260099e-02
2.990840000000000032e+02,1.015067052100840535e-02
2.992799999999999727e+02,3.964994537815125925e-02
3.000830000000000268e+02,6.898808571428571845e-02
3.010810000000000173e+02,1.259830124369747811e-02
3.012880000000000109e+02,2.011438882352940827e-02
3.020819999999999936e+02,2.125691781512604669e-02
3.023210000000000264e+02,1.058220677310924354e-02
3.033070000000000164e+02,8.954349243697479199e-02
3.037989999999999782e+02,1.379235462184873917e+00
3.043090000000000259e+02,3.077833159663865073e-02
3.053109999999999786e+02,2.799929831932773117e-01
3.057980000000000018e+02,3.999636890756302215e-02
3.069460000000000264e+02,2.838826041176471110e-02
3.071739999999999782e+02,8.083821504201680122e-03
3.079470000000000027e+02,1.199099222857142981e-02
3.089420000000000073e+02,4.449165235294117240e-03
3.099449999999999932e+02,8.184168655462183140e-03
3.109420000000000073e+02,2.879950420168067050e-03
3.113170000000000073e+02,5.972426411764705095e-03
3.118519999999999754e+02,1.971062983193276955e-02
3.131680000000000064e+02,6.439988042016806490e-03
3.133210000000000264e+02,2.333366504201681013e-02
3.143090000000000259e+02,6.117285882352942877e-02
3.151360000000000241e+02,2.879570193277311216e-02
3.151970000000000027e+02,5.515538235294118775e-03
3.153029999999999973e+02,4.552900739495798280e-03
3.173100000000000023e+02,7.524220386554623247e-03
3.198149999999999977e+02,1.679067537815125827e-02
3.213140000000000214e+02,1.431945163025210091e-02
3.233020000000000209e+02,9.244831025210085984e-03
3.233340000000000032e+02,7.347692689075631042e-03
3.239110000000000014e+02,4.897070840336134774e-03
3.249100000000000250e+02,2.394230193277310619e-03
3.259119999999999777e+02,4.020728151260505312e-02
3.269080000000000155e+02,6.615465428571428406e-03
3.279100000000000250e+02,6.782712773109243753e-02
3.289049999999999727e+02,8.680389361344537785e-03
3.298960000000000150e+02,4.799914117647059025e-02
3.308700000000000045e+02,2.633868033613445681e-02
3.318750000000000000e+02,8.728778823529411701e-01
3.328960000000000150e+02,6.053844957983194053e-02
3.339049999999999727e+02,1.058643962184874047e-02
3.349780000000000086e+02,1.901439274789915642e-03
3.369850000000000136e+02,5.766923974789914774e-03
3.373899999999999864e+02,5.602005386554621824e-03
3.393399999999999750e+02,5.414228000000000096e-03
3.397590000000000146e+02,8.573828327731092616e-03
3.409080000000000155e+02,7.208437235294118221e-03
3.419119999999999777e+02,3.145343176470588673e-03
3.429039999999999964e+02,1.728423100840336280e-03
3.439039999999999964e+02,4.140763773109243720e-03
3.449030000000000200e+02,1.917669369747899717e-03
3.459019999999999868e+02,3.320797218487394741e-03
3.468999999999999773e+02,2.684652344537814990e-03
3.473500000000000227e+02,3.550453789915966260e-03
3.479080000000000155e+02,2.178076134453780718e-03
3.493740000000000236e+02,1.265836731092436591e-03
3.513509999999999991e+02,2.513066924369747844e-03
3.513829999999999814e+02,4.202750672268907098e-03
3.523849999999999909e+02,1.147059025210083556e-03
3.533729999999999905e+02,1.730567420168067569e-03
3.543779999999999859e+02,7.475730899159663267e-03
3.550969999999999800e+02,2.916319655462185079e-03
3.560989999999999895e+02,8.702582529411764800e-03
3.570910000000000082e+02,2.892917773109243348e-03
3.580950000000000273e+02,6.204367949579830260e-03
3.588820000000000050e+02,2.777038941176470863e-03
3.608740000000000236e+02,5.885846134453782443e-03
3.618799999999999955e+02,4.978050327731091754e-03
3.628720000000000141e+02,1.157351806722689124e-03
3.648670000000000186e+02,2.265369563025209938e-03
3.653469999999999800e+02,1.513572352941176423e-03
3.653849999999999909e+02,4.267325899159664891e-03
3.664990000000000236e+02,1.674619537815126005e-03
3.673790000000000191e+02,9.914265882352939208e-04
3.683849999999999909e+02,9.273574899159663099e-03
3.693729999999999905e+02,2.754207588235293644e-03
3.703759999999999764e+02,1.918921245378151300e-02
3.711290000000000191e+02,5.826021411764704602e-03
3.721259999999999764e+02,6.408818999999998760e-03
3.731139999999999759e+02,1.997687747899159864e-03
3.741109999999999900e+02,4.794519747899160696e-03
3.748620000000000232e+02,1.403577705882353040e-03
3.751100000000000136e+02,2.842958226890755780e-02
3.768720000000000141e+02,2.935178260504200769e-03
3.774230000000000018e+02,1.003490420168067117e-03
3.794200000000000159e+02,8.293023613445380275e-04
3.813969999999999914e+02,2.243536411764705633e-03
3.833690000000000282e+02,4.687824605042015778e-03
3.837090000000000032e+02,9.223649109243696118e-03
3.851270000000000095e+02,6.420293521008403614e-03
3.873990000000000009e+02,3.141643067226891108e-03
3.894239999999999782e+02,3.174906403361344668e-03
3.913330000000000268e+02,1.165384277310924435e-03
3.913729999999999905e+02,5.131518924369747256e-03
3.913990000000000009e+02,3.431549579831932894e-04
3.923199999999999932e+02,9.170833529411766792e-04
3.934379999999999882e+02,2.098064991596638746e-03
3.944470000000000027e+02,1.695971747899159597e-03
3.954270000000000209e+02,7.998291176470588180e-04
3.964300000000000068e+02,3.547086218487395352e-03
3.974080000000000155e+02,1.496525806722689370e-03
4.034350000000000023e+02,2.585965142857142313e-03
4.054340000000000259e+02,9.647589327731094250e-04
4.064490000000000123e+02,1.486840084033613958e-03
4.074460000000000264e+02,4.293001848739496718e-04
4.084510000000000218e+02,9.987415798319327232e-04
4.094340000000000259e+02,5.054531680672270195e-04
4.104370000000000118e+02,1.644498739495798027e-03
4.114340000000000259e+02,7.184607058823528703e-04
4.174599999999999795e+02,1.335684756302520787e-03
4.193740000000000236e+02,9.206764033613443719e-04
4.194529999999999745e+02,9.705946075630253814e-03
4.203620000000000232e+02,1.363287495798319419e-03
4.214789999999999850e+02,4.032566882352941161e-03
4.234710000000000036e+02,8.196705126050420629e-04
4.253990000000000009e+02,1.260430361344538159e-03
4.264010000000000105e+02,5.507069369747897951e-03
4.274279999999999973e+02,1.618285487394957849e-03
4.291209999999999809e+02,1.158825218487395106e-03
4.301190000000000282e+02,1.609156268907562925e-03
4.311139999999999759e+02,7.811534621848739571e-04
4.321150000000000091e+02,1.382043252100840103e-03
4.354940000000000282e+02,7.513075126050417418e-04
4.364979999999999905e+02,6.125488655462183341e-04
4.374870000000000232e+02,7.226354789915967209e-04
4.384900000000000091e+02,2.254122327731093462e-03
4.434739999999999895e+02,8.817313781512604864e-04
4.451539999999999964e+02,9.978578571428573397e-04
4.461549999999999727e+02,1.274196563025210664e-03
4.471410000000000196e+02,6.075310840336134227e-04
4.481390000000000100e+02,1.612606773109243876e-03
4.491290000000000191e+02,9.447941680672269048e-04
4.495110000000000241e+02,6.493265210084035038e-04
4.509150000000000205e+02,6.952177310924369507e-04
4.514909999999999854e+02,1.028205840336134580e-03
4.529100000000000250e+02,1.189089714285714288e-03
4.534889999999999759e+02,4.049494369747898910e-04
4.549270000000000209e+02,1.206375823529411964e-03
4.574970000000000141e+02,8.227785882352938373e-04
4.594959999999999809e+02,7.823342689075628645e-04
4.615149999999999864e+02,6.686575966386554921e-04
4.635289999999999964e+02,7.046117815126050170e-04
4.655299999999999727e+02,9.240787142857142871e-04
4.665980000000000132e+02,1.382549957983193701e-03
4.688829999999999814e+02,2.456519411764706315e-04
4.708779999999999859e+02,1.157442848739495848e-03
4.718790000000000191e+02,8.317643277310925089e-04
4.728729999999999905e+02,8.897630336134453727e-04
4.738770000000000095e+02,8.429543613445379842e-04
4.748729999999999905e+02,5.869923781512604612e-04
4.768790000000000191e+02,6.108568739495799215e-04
4.775450000000000159e+02,7.867474789915966790e-04
4.795400000000000205e+02,8.114815630252099690e-04
4.815240000000000009e+02,1.228491277310924399e-03
4.848790000000000191e+02,6.175323109243697562e-04
4.868829999999999814e+02,1.070998260504201416e-03
4.888840000000000146e+02,1.322604201680672390e-03
4.895570000000000164e+02,6.922243025210083169e-04
4.908879999999999768e+02,9.017208067226892537e-04
4.915629999999999882e+02,6.713427058823530141e-04
4.935419999999999732e+02,6.187994873949578985e-04
5.031490000000000009e+02,6.492793781512605240e-04
5.041480000000000246e+02,5.561168571428568540e-04
5.048480000000000132e+02,6.808997478991595962e-04
5.051429999999999723e+02,1.084286176470587769e-03
5.068519999999999754e+02,5.808896134453782768e-04
5.088489999999999895e+02,7.672615714285714377e-04
5.108500000000000227e+02,3.450965882352940561e-04
5.128460000000000036e+02,7.022376974789915332e-04
5.135259999999999536e+02,1.101144008403360987e-03
5.191799999999999500e+02,1.501098386554621618e-03
5.201799999999999500e+02,9.434084957983193557e-04
5.211689999999999827e+02,4.833810336134453729e-04
5.221680000000000064e+02,7.507317058823528193e-04
5.231630000000000109e+02,3.396554453781513105e-04
5.665990000000000464e+02,6.922388319327730730e-04
5.771760000000000446e+02,8.596177563025210640e-04
5.781779999999999973e+02,2.396431848739496138e-04
5.791749999999999545e+02,7.033845126050420043e-04
5.828619999999999663e+02,1.148199773109243862e-03
5.847980000000000018e+02,8.768565798319326527e-04
5.848640000000000327e+02,1.043201445378151137e-03
5.868490000000000464e+02,3.592488907563024859e-04
5.932129999999999654e+02,9.853281260504202603e-04
5.942160000000000082e+02,7.524827478991596595e-04
5.952000000000000455e+02,6.110212100840336146e-04
6.148479999999999563e+02,8.881759327731091318e-04
6.168519999999999754e+02,6.857052016806721578e-04
6.188730000000000473e+02,7.976256806722689229e-04
6.208500000000000227e+02,8.203363529411765703e-04
6.348160000000000309e+02,6.230427983193277197e-04
6.367720000000000482e+02,1.573305193277311359e-03
6.512039999999999509e+02,1.206053411764705782e-03
6.665979999999999563e+02,7.272269075630253621e-04
6.672369999999999663e+02,4.217629831932773405e-04
7.665990000000000464e+02,5.707467226890755889e-04
